file,area_ratio
4792.png,0.0008960843373493976
5089.png,0.0009543374245891408
