band,mean,std
S1,88.62285463720218,36.224131638958596
S2,123.86604895640207,54.00504131130401
S3,131.20323588904412,54.42030224870796
S4,124.42022910806891,52.28991044653741
S5,125.8596725652521,54.93398728292925
S6,138.97253152088732,48.40653354524759
S7,141.51845013809634,46.98140684703779
S8,143.1898952614666,43.047942832862475
