metric,train,test
mean,0.005379307293195652,0.005386500808517092
std,0.004577179042859199,0.004822434075303079
min,0.0005140758873929008,0.00018665850673194615
max,0.046780905752753975,0.041107711138310896
